<?xml version="1.0" encoding="UTF-8"?>
<project-private xmlns="http://www.netbeans.org/ns/project-private/1">
    <editor-bookmarks xmlns="http://www.netbeans.org/ns/editor-bookmarks/2" lastBookmarkId="0"/>
    <open-files xmlns="http://www.netbeans.org/ns/projectui-open-files/2">
        <group>
            <file>file:/E:/semester%20B%20assignements/JAVA%20&amp;MYSQL%20ASSI/Fa3/fa3_assessment/src/fa3_assessment/Fa3_assessment.java</file>
            <file>file:/E:/semester%20B%20assignements/JAVA%20&amp;MYSQL%20ASSI/Fa3/fa3_assessment/src/StudentApp.java</file>
            <file>file:/E:/semester%20B%20assignements/JAVA%20&amp;MYSQL%20ASSI/Fa3/fa3_assessment/src/Main.java</file>
            <file>file:/E:/semester%20B%20assignements/JAVA%20&amp;MYSQL%20ASSI/Fa3/fa3_assessment/src/DatabaseConnection.java</file>
            <file>file:/E:/semester%20B%20assignements/JAVA%20&amp;MYSQL%20ASSI/Fa3/fa3_assessment/src/MainFrame.java</file>
            <file>file:/E:/semester%20B%20assignements/JAVA%20&amp;MYSQL%20ASSI/Fa3/fa3_assessment/src/GetDataFromDatabase.java</file>
        </group>
    </open-files>
</project-private>
